Sr.No.,RollNo,Name,Group,Gender
1,80236,Deshmane Payal Dilip,W1,F
2,80238,Tejaswini Tushar Patil,W1,F
3,80240,Kaiwalya Gadewar,W3,M
4,80242,Vipin Kumar,W2,M
5,80269,Roshan Vikas Borse,W1,M
6,80270,Vaishnavi Patil,W3,F
7,80275,Chaudhari Gauri Mukesh,W1,F
8,80279,Malode Vaishnav Udayrao,W2,M
9,80280,Bhokare Atharva Ganesh,W3,M
10,80286,Tanuja Rajendra Pawar,W2,F
11,80292,Kodgire Sidhant Dnyaneshwar,W2,M
12,80301,Daminee Patil,W3,F
13,80315,Parag  Prabhakar Gajbhiye,W1,M
14,80317,Vedant Ramakantappa Rewadkar,W1,M
15,80324,Pathan Mhebub Sajjat,W1,M
16,80326,Akshat Borana,W2,M
17,80330,Aastha Anil Bhidekar,W2,F
18,80332,Dodmise Prabhat Chandrakant,W3,M
19,80345,Shruti Vinayak Sawant,W1,F
20,80349,Kaustubh Ravindra Ganorkar,W3,M
21,80351,Dhakne Ashutosh Vishnukant,W3,M
22,80353,Sawarkar Shreya Arun,W3,F
23,80372,Shraddha Baban Khilari,W3,F
24,80375,Apurva,W2,F
25,80377,Vaishnavi Bhagwan Bhadule,W1,F
26,80393,Shaikh Aasiya Shabbir,W2,F
27,80401,Yeole Rohan Suhas,W2,M
28,80403,Anil Balaso Solankar,W2,M
29,80421,Ayushi Vinay Mate,W2,F
30,80424,Ruchi Dubey,W2,F
31,80437,Lokesh Patel,W2,M
32,80442,Akash Pandurang Kumbhar,W2,M
33,80453,Pratiksha Manik Kolawale,W1,F
34,80455,Dhanraj Dhanaji Jadhav,W2,M
35,80457,Prasad Sanjay Rajhans,W1,M
36,80459,Yash Anil Suryawanshi,W2,M
37,80465,Wankhede Pratik Anil,W2,M
38,80473,Rani Sharadrao Ingle,W2,F
39,80474,Kharade Shravani Tryambak,W1,F
40,80475,Suraj Santosh Khade,W3,M
41,80477,Satyam Kumar,W2,M
42,80480,Nakul Ganesh Patil,W3,M
43,80488,Harshal Narayan Shirapure,W2,M
44,80491,Ankita Suresh Satdeve,W3,F
45,80495,Ankit Kumar,W3,M
46,80500,Bhangale Chirag Vasudev,W2,M
47,80512,Gotmare Sanket Arun,W2,M
48,80513,Jadhav Swapnali Trimbakrao,W3,F
49,80516,Jitendra Patil,W2,M
50,80523,Srushti Milind Choudhary,W2,F
51,80539,Tanmay Madhukar Band,W2,M
52,80546,Shiv Tyagi,W1,M
53,80559,Patil Apurva Patangrao,W3,F
54,80561,Vyas Govind Rupesh,W3,M
55,80589,Bhosale Sanmesh Balasaheb,W2,M
56,80632,Mugdha Suraj Kulkarni,W1,F
57,80634,Lodhavat Asmita Udaysing,W2,F
58,80635,Shamal Sanjay Ramavat,W3,F
59,80638,Siddhi Gajanan Dani,W1,F
60,80645,Sneha Hedaoo,W1,F
61,80649,Sujata Ramdas Bhosale,W2,F
62,80653,Bhagyashree Guruprasad Garakate,W3,F
63,80654,Kalyani Raju Ramteke,W1,F
64,80660,Avanti Avinash Jagdale,W2,F
65,80664,Ghatode Samyak Dilip,W3,M
66,80672,Tanmay Saxena,W3,M
67,80679,Mahajan Swapanali Pandarinath,W1,F
68,80692,Aniket Pawar,W2,M
69,80697,Sawant Yanti Anil,W3,M
70,80700,Sopan Vinchurkar,W1,M
71,80717,Ashwini Ram Chavan,W3,F
72,80721,Chetana Khushal Mahajan,W3,F
73,80729,Ankit Nalkar,W1,M
74,80733,Rohit Choudhary,W3,M
75,80740,Charushila Yadav Dhande,W1,F
76,80744,Gadhave Ashutosh Balasaheb,W1,M
77,80747,Gavhane Vivek Vitthal,W3,M
78,80752,Priyansh Yadav,W3,M
79,80762,Tejas Rameshrao Wakode,W2,M
80,80763,Nikam Avadhut Balaso,W3,M
81,80773,Navghane Supriya Jagannath,W1,F
82,80778,Kharat Tushar Babasaheb,W3,M
83,80779,Kote Pooja Anil,W3,F
84,80783,Sajid Rajjak Sayyad,W1,M
85,80784,Ankit Lal Sinha,W2,M
86,80785,Aditya Lal Sinha,W2,M
87,80797,Bhosale Sanjana Balasaheb,W1,F
88,80799,Vikas,W1,M
89,80803,Bendale Prajwal Dattatraya,W1,M
90,80804,Saifali Shekali Awati,W3,M
91,80805,Mansi Balajirao Kotgire,W3,F
92,80806,Minal Balajirao Kotgire,W3,F
93,80813,Kulkarni Aditya Govind,W1,M
94,80815,Kondapure Riteshkumar Manojkumar,W1,M
95,80828,Khedkar Pragati Balu,W2,F
96,80843,Nishant Singh,W3,M
97,80845,Rudransh Nigam,W1,M
98,80854,Chopade Kajal Liladhar,W2,F
99,80859,Ekabote Govinda Balaji,W1,M
100,80862,Charde Yash,W1,M
101,80886,Bopalkar Pritam Mahavir,W1,M
102,12345,student1,W3,M
103,12346,student2,W3,M
104,12347,student3,W3,M
105,12348,student4,W3,M
106,12349,student5,W3,M
107,12350,student6,W3,M
108,12351,student7,W3,M
109,12352,student8,W3,M
110,12353,student9,W3,M
111,12354,student10,W3,M
112,12355,student11,W3,M
113,12356,student12,W3,M
114,12357,student13,W3,M
115,12358,student14,W3,M
116,12359,student15,W3,M
117,12360,student16,W3,M
118,12361,student17,W3,M
119,12362,student18,W3,M
120,12363,student19,W3,M
